{
  "name": "",
  "glyphs": [
    {
      "search": [
        "delicious"
      ],
      "code": 49,
      "uid": "1e2035b7cbaeb3d902cf9849e456069d",
      "css": "delicious",
      "orig_css": "delicious",
      "orig_code": 49,
      "src": "zocial",
      "from": 35
    },
    {
      "search": [
        "plus"
      ],
      "code": 74,
      "from": 43,
      "uid": "44e04715aecbca7f266a17d5a7863c68",
      "css": "plus",
      "orig_css": "plus",
      "orig_code": 74,
      "src": "fontawesome"
    },
    {
      "search": [
        "minus"
      ],
      "code": 106,
      "from": 45,
      "uid": "861ab06e455e2de3232ebef67d60d708",
      "css": "minus",
      "orig_css": "minus",
      "orig_code": 106,
      "src": "fontawesome"
    },
    {
      "search": [
        "pinterest"
      ],
      "code": 55,
      "uid": "799d6108751f684ac9d018983251a08f",
      "css": "pinterest",
      "orig_css": "pinterest",
      "orig_code": 55,
      "src": "zocial",
      "from": 49
    },
    {
      "search": [
        "forrst"
      ],
      "code": 52,
      "uid": "2f6ed771cf99f6826343c31ed0b08026",
      "css": "forrst",
      "orig_css": "forrst",
      "orig_code": 52,
      "src": "zocial",
      "from": 58
    },
    {
      "search": [
        "digg"
      ],
      "code": 50,
      "uid": "8625d6e45fba1219638069e21eedbce8",
      "css": "digg",
      "orig_css": "digg",
      "orig_code": 50,
      "src": "zocial",
      "from": 59
    },
    {
      "search": [
        "reddit"
      ],
      "code": 38,
      "uid": "b3a537446285bb3510bba57d20374818",
      "css": "reddit",
      "orig_css": "reddit",
      "orig_code": 38,
      "src": "zocial",
      "from": 62
    },
    {
      "search": [
        "blogger"
      ],
      "code": 172,
      "uid": "2dd7e3046b63beb19616dce63c5782a6",
      "css": "blogger",
      "orig_css": "blogger",
      "orig_code": 172,
      "src": "zocial",
      "from": 66
    },
    {
      "search": [
        "youtube"
      ],
      "code": 61,
      "uid": "57a4f84c40a0c44d47387105f162a427",
      "css": "youtube",
      "orig_css": "youtube",
      "orig_code": 61,
      "src": "zocial",
      "from": 85
    },
    {
      "search": [
        "myspace"
      ],
      "code": 94,
      "uid": "916eba314d66dee45c9859d2fd146d36",
      "css": "myspace",
      "orig_css": "myspace",
      "orig_code": 94,
      "src": "zocial",
      "from": 95
    },
    {
      "search": [
        "wordpress"
      ],
      "code": 95,
      "uid": "0636c283a9822288a767609062bbf4a4",
      "css": "wordpress",
      "orig_css": "wordpress",
      "orig_code": 95,
      "src": "zocial",
      "from": 119
    },
    {
      "search": [
        "arrow",
        "left"
      ],
      "code": 97,
      "from": 8592,
      "uid": "555ef8c86832e686fef85f7af2eb7cde",
      "css": "arrow-left",
      "orig_css": "left",
      "orig_code": 97,
      "src": "fontawesome"
    },
    {
      "search": [
        "arrow",
        "right"
      ],
      "code": 65,
      "from": 8594,
      "uid": "ad6b3fbb5324abe71a9c0b6609cbb9f1",
      "css": "arrow-right",
      "orig_css": "right",
      "orig_code": 65,
      "src": "fontawesome"
    },
    {
      "search": [
        "right",
        "arrow"
      ],
      "code": 72,
      "from": 9656,
      "uid": "fb1c799ffe5bf8fb7f8bcb647c8fe9e6",
      "css": "right-dir",
      "orig_css": "right-dir",
      "orig_code": 72,
      "src": "fontawesome"
    },
    {
      "search": [
        "left",
        "arrow"
      ],
      "code": 104,
      "from": 9666,
      "uid": "9dc654095085167524602c9acc0c5570",
      "css": "left-dir",
      "orig_css": "left-dir",
      "orig_code": 104,
      "src": "fontawesome"
    },
    {
      "search": [
        "cloud"
      ],
      "code": 67,
      "uid": "114fed43140e2b5ce42c48b95c19375b",
      "css": "cloud",
      "orig_css": "cloud",
      "orig_code": 67,
      "src": "entypo",
      "from": 9729
    },
    {
      "search": [
        "music",
        "note",
        "song",
        "sound"
      ],
      "code": 113,
      "from": 9835,
      "uid": "9ea0a737ccc45d6c510dcbae56058849",
      "css": "audio",
      "orig_css": "music",
      "orig_code": 113,
      "src": "fontawesome"
    },
    {
      "search": [
        "record",
        "player"
      ],
      "code": 90,
      "from": 9899,
      "uid": "e188c02f740feff7e2d2bce1950b75fa",
      "css": "bullet-large",
      "orig_css": "record",
      "orig_code": 90,
      "src": "entypo"
    },
    {
      "search": [
        "mail",
        "email"
      ],
      "code": 47,
      "from": 9993,
      "uid": "bf882b30900da12fca090d9796bc3030",
      "css": "mail",
      "orig_css": "mail",
      "orig_code": 47,
      "src": "fontawesome"
    },
    {
      "search": [
        "pencil",
        "write",
        "reply",
        "edit"
      ],
      "code": 101,
      "uid": "c77fd2fd065b5fe16d6f2b41e190b266",
      "css": "pencil",
      "orig_css": "pencil",
      "orig_code": 101,
      "src": "entypo",
      "from": 9998
    },
    {
      "search": [
        "ok",
        true,
        "check",
        "mark"
      ],
      "code": 84,
      "from": 10004,
      "uid": "43ab845088317bd348dee1d975700c48",
      "css": "check",
      "orig_css": "ok-circle",
      "orig_code": 84,
      "src": "fontawesome"
    },
    {
      "search": [
        "close",
        "cancel",
        "reject"
      ],
      "code": 88,
      "from": 10005,
      "uid": "5211af474d3a9848f67f945e2ccaf143",
      "css": "cancel",
      "orig_css": "cancel",
      "orig_code": 88,
      "src": "fontawesome"
    },
    {
      "search": [
        "close",
        "cancel",
        "reject"
      ],
      "code": 116,
      "uid": "c759418c008e9562944080fee617fc76",
      "css": "cancel-circle",
      "orig_css": "cancel-circled",
      "orig_code": 116,
      "src": "entypo",
      "from": 10006
    },
    {
      "search": [
        "attention",
        "warning",
        "alert"
      ],
      "code": 117,
      "from": 10071,
      "uid": "b035c28eba2b35c6ffe92aee8b0df507",
      "css": "warning",
      "orig_css": "attention-circle",
      "orig_code": 117,
      "src": "fontawesome"
    },
    {
      "search": [
        "quote"
      ],
      "code": 69,
      "uid": "661bd5ba1dad15ad9acbfcd8b8af76f3",
      "file": "left_quote",
      "css": "quote",
      "orig_css": "quote-left",
      "orig_code": 69,
      "src": "iconic",
      "from": 10077
    },
    {
      "search": [
        "quote"
      ],
      "code": 109,
      "uid": "bc0af4824c8eedcad7bc0d35911dac2a",
      "file": "right_quote",
      "css": "quote-alt",
      "orig_css": "quote-right",
      "orig_code": 109,
      "src": "iconic",
      "from": 10078
    },
    {
      "search": [
        "plus"
      ],
      "code": 75,
      "from": 10133,
      "uid": "4ba33d2607902cf690dd45df09774cb0",
      "css": "plus-circle",
      "orig_css": "plus-circle",
      "orig_code": 75,
      "src": "fontawesome"
    },
    {
      "search": [
        "minus"
      ],
      "code": 107,
      "from": 10134,
      "uid": "eeadb020bb75d089b25d8424aabe19e0",
      "css": "minus-circle",
      "orig_css": "minus-circle",
      "orig_code": 107,
      "src": "fontawesome"
    },
    {
      "search": [
        "help",
        "question"
      ],
      "code": 89,
      "uid": "de9a631a7d18106aea1c89ba51b1990a",
      "css": "question",
      "orig_css": "help-circled",
      "orig_code": 89,
      "src": "entypo",
      "from": 59140
    },
    {
      "search": [
        "info"
      ],
      "code": 121,
      "uid": "7e4164950ffa4990961958b2d6318658",
      "css": "info",
      "orig_css": "info-circled",
      "orig_code": 121,
      "src": "entypo",
      "from": 59141
    },
    {
      "search": [
        "tag",
        "category",
        "price",
        "offer"
      ],
      "code": 46,
      "from": 59148,
      "uid": "3db5347bd219f3bce6025780f5d9ef45",
      "css": "tag",
      "orig_css": "tag",
      "orig_code": 46,
      "src": "fontawesome"
    },
    {
      "search": [
        "tag",
        "category",
        "price",
        "offer"
      ],
      "code": 62,
      "from": 59149,
      "uid": "a3f89e106175a5c5c4e9738870b12e55",
      "css": "tags",
      "orig_css": "tags",
      "orig_code": 62,
      "src": "fontawesome"
    },
    {
      "search": [
        "comment",
        "reply",
        "write"
      ],
      "code": 118,
      "uid": "16890362e811b4cb8de36282b071fe30",
      "css": "comment",
      "orig_css": "comment",
      "orig_code": 118,
      "src": "entypo",
      "from": 59160
    },
    {
      "search": [
        "chat",
        "talk"
      ],
      "code": 86,
      "uid": "2c0b53280f82068f6bab4e2200025d9f",
      "css": "comments",
      "orig_css": "chat",
      "orig_code": 86,
      "src": "entypo",
      "from": 59168
    },
    {
      "search": [
        "location",
        "mark",
        "marker"
      ],
      "code": 66,
      "from": 59172,
      "uid": "0d08dbb1dd648a43bdea81b7e6c9e036",
      "css": "location",
      "orig_css": "location",
      "orig_code": 66,
      "src": "fontawesome"
    },
    {
      "search": [
        "rss"
      ],
      "code": 56,
      "uid": "3e617d8049807e128c80d0344ba09e37",
      "css": "rss",
      "orig_css": "rss",
      "orig_code": 56,
      "src": "entypo",
      "from": 59194
    },
    {
      "search": [
        "arrow",
        "down"
      ],
      "code": 76,
      "from": 59228,
      "uid": "ccddff8e8670dcd130e3cb55fdfc2fd0",
      "css": "down",
      "orig_css": "down-open",
      "orig_code": 76,
      "src": "fontawesome"
    },
    {
      "search": [
        "arrow",
        "left"
      ],
      "code": 102,
      "uid": "c311c48d79488965b0fab7f9cd12b6b5",
      "css": "arrow-left-thin-small",
      "orig_css": "left-open",
      "orig_code": 102,
      "src": "entypo",
      "from": 59229
    },
    {
      "search": [
        "arrow",
        "left"
      ],
      "code": 115,
      "from": 59229,
      "uid": "d870630ff8f81e6de3958ecaeac532f2",
      "css": "arrow-left-open",
      "orig_css": "left-open",
      "orig_code": 115,
      "src": "fontawesome"
    },
    {
      "search": [
        "arrow",
        "right"
      ],
      "code": 70,
      "uid": "749e7d90a9182938180f1d2d8c33584e",
      "css": "arrow-right-thin-small",
      "orig_css": "right-open",
      "orig_code": 70,
      "src": "entypo",
      "from": 59230
    },
    {
      "search": [
        "arrow",
        "right"
      ],
      "code": 83,
      "from": 59230,
      "uid": "399ef63b1e23ab1b761dfbb5591fa4da",
      "css": "arrow-right-open",
      "orig_css": "right-open",
      "orig_code": 83,
      "src": "fontawesome"
    },
    {
      "search": [
        "arrow",
        "up"
      ],
      "code": 108,
      "from": 59231,
      "uid": "fe6697b391355dec12f3d86d6d490397",
      "css": "up",
      "orig_css": "up-open",
      "orig_code": 108,
      "src": "fontawesome"
    },
    {
      "search": [
        "arrow",
        "left"
      ],
      "code": 100,
      "uid": "884cfc3e6e2d456dd2a2ca0dbb9e6337",
      "css": "arrow-left-thin",
      "orig_css": "left-open-big",
      "orig_code": 100,
      "src": "entypo",
      "from": 59237
    },
    {
      "search": [
        "arrow",
        "right"
      ],
      "code": 68,
      "uid": "004882ab2d5c418c5b2060e80596279b",
      "css": "arrow-right-thin",
      "orig_css": "right-open-big",
      "orig_code": 68,
      "src": "entypo",
      "from": 59238
    },
    {
      "search": [
        "dot"
      ],
      "code": 122,
      "from": 59275,
      "uid": "d2c6b59d9a239140cb76be0627480855",
      "css": "bullet",
      "orig_css": "dot",
      "orig_code": 122,
      "src": "entypo"
    },
    {
      "search": [
        "left",
        "arrow"
      ],
      "code": 103,
      "uid": "6855131631509e8795730ce062045ea1",
      "css": "left-circle",
      "orig_css": "left-circled",
      "orig_code": 103,
      "src": "fontawesome",
      "from": 61608
    },
    {
      "search": [
        "right",
        "arrow"
      ],
      "code": 71,
      "uid": "19b04848ae7332d2c0ea2a9e19064037",
      "css": "right-circle",
      "orig_css": "right-circled",
      "orig_code": 71,
      "src": "fontawesome",
      "from": 61609
    },
    {
      "search": [
        "menu"
      ],
      "code": 110,
      "uid": "559647a6f430b3aeadbecd67194451dd",
      "css": "menu",
      "orig_css": "menu",
      "orig_code": 110,
      "src": "fontawesome",
      "from": 61641
    },
    {
      "search": [
        "mail",
        "email"
      ],
      "code": 63,
      "uid": "ccc2329632396dc096bb638d4b46fb98",
      "css": "mail-alt",
      "orig_css": "mail-alt",
      "orig_code": 63,
      "src": "fontawesome",
      "from": 61664
    },
    {
      "search": [
        "quote"
      ],
      "code": 77,
      "uid": "ab95e1351ebaec5850101097cbf7097f",
      "css": "quote-left",
      "orig_css": "quote-left",
      "orig_code": 77,
      "src": "fontawesome",
      "from": 61709
    },
    {
      "search": [
        "quote"
      ],
      "code": 44,
      "uid": "d745d7c05b94e609decabade2cae12cb",
      "css": "quote-right",
      "orig_css": "quote-right",
      "orig_code": 44,
      "src": "fontawesome",
      "from": 61710
    },
    {
      "search": [
        "github",
        "social",
        "logo"
      ],
      "code": 36,
      "uid": "d94334f23acba022bfd68e49d76b31bb",
      "css": "github",
      "orig_css": "github",
      "orig_code": 36,
      "src": "entypo",
      "from": 62208
    },
    {
      "search": [
        "flickr",
        "social",
        "logo"
      ],
      "code": 163,
      "uid": "14cfd18cc1dd5fb99ba04311b888bc23",
      "css": "flickr",
      "orig_css": "flickr",
      "orig_code": 163,
      "src": "entypo",
      "from": 62211
    },
    {
      "search": [
        "vimeo",
        "social",
        "logo"
      ],
      "code": 45,
      "uid": "538531af0e023b15882c505ee2297cbe",
      "css": "vimeo",
      "orig_css": "vimeo",
      "orig_code": 45,
      "src": "entypo",
      "from": 62214
    },
    {
      "search": [
        "twitter",
        "social",
        "logo"
      ],
      "code": 41,
      "uid": "d090355c31f497b61d676416c1fd39fb",
      "css": "twitter",
      "orig_css": "twitter",
      "orig_code": 41,
      "src": "entypo",
      "from": 62217
    },
    {
      "search": [
        "facebook",
        "social",
        "logo"
      ],
      "code": 51,
      "uid": "bc50457410acf467b8b5721240768742",
      "css": "facebook",
      "orig_css": "facebook",
      "orig_code": 51,
      "src": "entypo",
      "from": 62220
    },
    {
      "search": [
        "google",
        "plus",
        "social",
        "logo"
      ],
      "code": 53,
      "uid": "b945f4ac2439565661e8e4878e35d379",
      "css": "googleplus",
      "orig_css": "gplus",
      "orig_code": 53,
      "src": "entypo",
      "from": 62223
    },
    {
      "search": [
        "tumblr",
        "social",
        "logo"
      ],
      "code": 48,
      "uid": "d491462e64eb5b8c4f064108a2ff1780",
      "css": "tumblr",
      "orig_css": "tumblr",
      "orig_code": 48,
      "src": "entypo",
      "from": 62229
    },
    {
      "search": [
        "deviantart"
      ],
      "code": 33,
      "meta": {
        "homepage": "http://openiconlibrary.sourceforge.net",
        "author": "Open Icon Library"
      },
      "uid": "d04790a0ec2d11e1aff10800200c9a66",
      "file": "deviantart",
      "transform": {
        "rescale": 1.2,
        "offset": -0.025
      },
      "css": "deviantart",
      "orig_css": "deviantart",
      "orig_code": 33,
      "src": "brandico",
      "from": 62230
    },
    {
      "search": [
        "linkedin",
        "social",
        "logo"
      ],
      "code": 54,
      "uid": "7132e1233bc16cd1b6efe7e29d3613a5",
      "css": "linkedin",
      "orig_css": "linkedin",
      "orig_code": 54,
      "src": "entypo",
      "from": 62232
    },
    {
      "search": [
        "dribbble",
        "social",
        "logo"
      ],
      "code": 34,
      "uid": "e8d13cd05bd63219329b2b61835d776c",
      "css": "dribbble",
      "orig_css": "dribbble",
      "orig_code": 34,
      "src": "entypo",
      "from": 62235
    },
    {
      "search": [
        "stumbleupon",
        "social",
        "logo"
      ],
      "code": 40,
      "uid": "ef5e2b339a93fff038cc6a28f8c91edd",
      "css": "stumbleupon",
      "orig_css": "stumbleupon",
      "orig_code": 40,
      "src": "entypo",
      "from": 62238
    },
    {
      "search": [
        "instagram",
        "social",
        "logo"
      ],
      "code": 37,
      "uid": "0fbfb1cd7a847c88ea4c141d0e1bbdb5",
      "css": "instagram",
      "orig_css": "instagram",
      "orig_code": 37,
      "src": "entypo",
      "from": 62253
    },
    {
      "search": [
        "skype",
        "social",
        "logo"
      ],
      "code": 42,
      "uid": "28ccaf022b8363aeaa5b86f66e1f5173",
      "css": "skype",
      "orig_css": "skype",
      "orig_code": 42,
      "src": "entypo",
      "from": 62265
    },
    {
      "search": [
        "soundcloud",
        "social",
        "logo"
      ],
      "code": 57,
      "uid": "b86600decaba538aca184421752cd640",
      "css": "soundcloud",
      "orig_css": "soundcloud",
      "orig_code": 57,
      "src": "entypo",
      "from": 62280
    },
    {
      "search": [
        "behance",
        "social",
        "logo"
      ],
      "code": 96,
      "uid": "84f3880057574e968053d6d6c8a7b216",
      "css": "behance",
      "orig_css": "behance",
      "orig_code": 96,
      "src": "entypo",
      "from": 62286
    },
    {
      "search": [
        "image",
        "picture",
        "photo"
      ],
      "code": 81,
      "uid": "3def559c3c39b8500882e02892b7daa8",
      "css": "gallery",
      "orig_css": "picture",
      "orig_code": 81,
      "src": "entypo",
      "from": 127748
    },
    {
      "search": [
        "image",
        "picture",
        "photo"
      ],
      "code": 119,
      "from": 127748,
      "uid": "381da2c2f7fd51f8de877c044d7f439d",
      "css": "image",
      "orig_css": "picture",
      "orig_code": 119,
      "src": "fontawesome"
    },
    {
      "search": [
        "movie",
        "video",
        "film"
      ],
      "code": 82,
      "from": 127916,
      "uid": "872d9516df93eb6b776cc4d94bd97dac",
      "css": "video",
      "orig_css": "video",
      "orig_code": 82,
      "src": "fontawesome"
    },
    {
      "search": [
        "profile",
        "contact",
        "user"
      ],
      "code": 114,
      "uid": "bbd66ef66bb8fa9edde54d9a90b89150",
      "css": "user",
      "orig_css": "user",
      "orig_code": 114,
      "src": "entypo",
      "from": 128100
    },
    {
      "search": [
        "attach",
        "clip"
      ],
      "code": 92,
      "uid": "44b9e75612c5fad5505edd70d071651f",
      "css": "attachment",
      "orig_css": "attach",
      "orig_code": 92,
      "src": "entypo",
      "from": 128206
    },
    {
      "search": [
        "phone",
        "telephone",
        "call"
      ],
      "code": 78,
      "from": 128222,
      "uid": "9f7e588c66cfd6891f6f507cf6f6596b",
      "css": "phone",
      "orig_css": "phone",
      "orig_code": 78,
      "src": "fontawesome"
    },
    {
      "search": [
        "download"
      ],
      "code": 98,
      "uid": "b08cfe8039de2ce815686aced2caef06",
      "css": "download",
      "orig_css": "download",
      "orig_code": 98,
      "src": "entypo",
      "from": 128229
    },
    {
      "search": [
        "camera",
        "photo"
      ],
      "code": 120,
      "uid": "85017ab6ca074831a8de771b40e9640c",
      "css": "camera",
      "orig_css": "camera",
      "orig_code": 120,
      "src": "entypo",
      "from": 128247
    },
    {
      "search": [
        "search",
        "find"
      ],
      "code": 60,
      "uid": "7222571caa5c15f83dcfd447c58d68d9",
      "css": "search",
      "orig_css": "search",
      "orig_code": 60,
      "src": "entypo",
      "from": 128269
    },
    {
      "search": [
        "bookmark"
      ],
      "code": 124,
      "from": 128278,
      "uid": "f04a5d24e9e659145b966739c4fde82a",
      "css": "bookmark",
      "orig_css": "bookmark",
      "orig_code": 124,
      "src": "fontawesome"
    },
    {
      "search": [
        "link",
        "url"
      ],
      "code": 87,
      "uid": "815503841e980c848f55e0271deacead",
      "css": "link",
      "orig_css": "link",
      "orig_code": 87,
      "src": "entypo",
      "from": 128279
    },
    {
      "search": [
        "clock",
        "time"
      ],
      "code": 99,
      "from": 128340,
      "uid": "598a5f2bcf3521d1615de8e1881ccd17",
      "css": "clock",
      "orig_css": "clock",
      "orig_code": 99,
      "src": "fontawesome"
    }
  ]
}