{
  "name": "",
  "glyphs": [
    {
      "search": [
        "plus"
      ],
      "code": 43,
      "from": 43,
      "uid": "70370693ada58ef0a60fa0984fe8d52a",
      "css": "plus",
      "orig_css": "plus",
      "orig_code": 43,
      "src": "entypo"
    },
    {
      "search": [
        "minus"
      ],
      "code": 45,
      "from": 45,
      "uid": "1256e3054823e304d7e452a589cf8bb8",
      "css": "minus",
      "orig_css": "minus",
      "orig_code": 45,
      "src": "entypo"
    },
    {
      "search": [
        "info"
      ],
      "code": 8505,
      "uid": "63b86fedd4ee9ad2105f54f4888e7088",
      "css": "info",
      "orig_css": "info",
      "orig_code": 8505,
      "src": "entypo",
      "from": 8505
    },
    {
      "search": [
        "arrow",
        "left"
      ],
      "code": 8592,
      "uid": "8d8f4722d16e95290858eaf294d9d830",
      "css": "left-thin",
      "orig_css": "left-thin",
      "orig_code": 8592,
      "src": "entypo",
      "from": 8592
    },
    {
      "search": [
        "arrow",
        "up"
      ],
      "code": 8593,
      "uid": "dbc97808cba7d0c135c7054e7a85fb86",
      "css": "up-thin",
      "orig_css": "up-thin",
      "orig_code": 8593,
      "src": "entypo",
      "from": 8593
    },
    {
      "search": [
        "arrow",
        "right"
      ],
      "code": 8594,
      "uid": "ef3eda51383ce050517892df3fc05ffc",
      "css": "right-thin",
      "orig_css": "right-thin",
      "orig_code": 8594,
      "src": "entypo",
      "from": 8594
    },
    {
      "search": [
        "arrow",
        "down"
      ],
      "code": 8595,
      "uid": "a30a32d49f80bb534c062ae1743ef433",
      "css": "down-thin",
      "orig_css": "down-thin",
      "orig_code": 8595,
      "src": "entypo",
      "from": 8595
    },
    {
      "search": [
        "switch",
        "exchange"
      ],
      "code": 8646,
      "uid": "f0eac0958921fe45b85d01b79d76e86b",
      "css": "switch",
      "orig_css": "switch",
      "orig_code": 8646,
      "src": "entypo",
      "from": 8646
    },
    {
      "search": [
        "infinity"
      ],
      "code": 8734,
      "uid": "34ba50fe8e4f95e7f3d76c6534814a70",
      "css": "infinity",
      "orig_css": "infinity",
      "orig_code": 8734,
      "src": "entypo",
      "from": 8734
    },
    {
      "search": [
        "plus",
        "expand"
      ],
      "code": 8862,
      "uid": "9e1c33b6849ceb08db8acfaf02188b7d",
      "css": "plus-squared",
      "orig_css": "plus-squared",
      "orig_code": 8862,
      "src": "entypo",
      "from": 8862
    },
    {
      "search": [
        "minus",
        "collapse"
      ],
      "code": 8863,
      "uid": "4ffa544c1a81c905f0a8a5745d8b9faa",
      "css": "minus-squared",
      "orig_css": "minus-squared",
      "orig_code": 8863,
      "src": "entypo",
      "from": 8863
    },
    {
      "search": [
        "home"
      ],
      "code": 8962,
      "uid": "513ac180ff85bd275f2b736720cbbf5e",
      "css": "home",
      "orig_css": "home",
      "orig_code": 8962,
      "src": "entypo",
      "from": 8962
    },
    {
      "search": [
        "keyboard"
      ],
      "code": 9000,
      "uid": "005a38f6af74b31aeb817fedb09d2175",
      "css": "keyboard",
      "orig_css": "keyboard",
      "orig_code": 9000,
      "src": "entypo",
      "from": 9000
    },
    {
      "search": [
        "pause",
        "player"
      ],
      "code": 9097,
      "from": 9097,
      "uid": "d8d378d0ce413f231dfa37592e39c227",
      "css": "pause",
      "orig_css": "pause",
      "orig_code": 9097,
      "src": "entypo"
    },
    {
      "search": [
        "right",
        "player"
      ],
      "code": 9197,
      "uid": "0afbb00323696f49e9c47f4d9fe6390b",
      "css": "to-end",
      "orig_css": "to-end",
      "orig_code": 9197,
      "src": "entypo",
      "from": 9197
    },
    {
      "search": [
        "left",
        "player"
      ],
      "code": 9198,
      "uid": "ceefe7653a4f6edaacce9e7f196cec5a",
      "css": "to-start",
      "orig_css": "to-start",
      "orig_code": 9198,
      "src": "entypo",
      "from": 9198
    },
    {
      "search": [
        "clock",
        "hourglass",
        "busy",
        "wait"
      ],
      "code": 9203,
      "uid": "7f6916533c0842b6cec699fd773693d3",
      "css": "hourglass",
      "orig_css": "hourglass",
      "orig_code": 9203,
      "src": "entypo",
      "from": 9203
    },
    {
      "search": [
        "stop",
        "player"
      ],
      "code": 9632,
      "uid": "48f2e18872fe74d4579a4c8a1527fc1e",
      "css": "stop",
      "orig_css": "stop",
      "orig_code": 9632,
      "src": "entypo",
      "from": 9632
    },
    {
      "search": [
        "arrow",
        "up"
      ],
      "code": 9652,
      "uid": "401b644723fb2f20b0df30cce7745c18",
      "css": "up-dir",
      "orig_css": "up-dir",
      "orig_code": 9652,
      "src": "entypo",
      "from": 9652
    },
    {
      "search": [
        "play",
        "player"
      ],
      "code": 9654,
      "uid": "cb13afd4722a849d48056540bb74c47e",
      "css": "play",
      "orig_css": "play",
      "orig_code": 9654,
      "src": "entypo",
      "from": 9654
    },
    {
      "search": [
        "arrow",
        "right"
      ],
      "code": 9656,
      "uid": "ff9a85aa20950dcc0615a2707a2b3f8e",
      "css": "right-dir",
      "orig_css": "right-dir",
      "orig_code": 9656,
      "src": "entypo",
      "from": 9656
    },
    {
      "search": [
        "arrow",
        "down"
      ],
      "code": 9662,
      "uid": "7e89c12b577c31bc91bfb61bb597f01f",
      "css": "down-dir",
      "orig_css": "down-dir",
      "orig_code": 9662,
      "src": "entypo",
      "from": 9662
    },
    {
      "search": [
        "arrow",
        "left"
      ],
      "code": 9666,
      "uid": "9aeaf29161eb005a308bbd624d6e066a",
      "css": "left-dir",
      "orig_css": "left-dir",
      "orig_code": 9666,
      "src": "entypo",
      "from": 9666
    },
    {
      "search": [
        "cloud"
      ],
      "code": 9729,
      "uid": "114fed43140e2b5ce42c48b95c19375b",
      "css": "cloud",
      "orig_css": "cloud",
      "orig_code": 9729,
      "src": "entypo",
      "from": 9729
    },
    {
      "search": [
        "star"
      ],
      "code": 9733,
      "uid": "25b34dea4784f72c710454f32ff8fa2b",
      "css": "star",
      "orig_css": "star",
      "orig_code": 9733,
      "src": "entypo",
      "from": 9733
    },
    {
      "search": [
        "star"
      ],
      "code": 9734,
      "uid": "0e3f1335f83cca67329b2c4bcb3aaec5",
      "css": "star-empty",
      "orig_css": "star-empty",
      "orig_code": 9734,
      "src": "entypo",
      "from": 9734
    },
    {
      "search": [
        "cup"
      ],
      "code": 9749,
      "uid": "9bdc80f58999873c5a8079ad2d7f4143",
      "css": "cup",
      "orig_css": "cup",
      "orig_code": 9749,
      "src": "entypo",
      "from": 9749
    },
    {
      "search": [
        "menu",
        "list"
      ],
      "code": 9776,
      "uid": "2cfb3f2b46b34a1790aec0aa846297b6",
      "css": "menu",
      "orig_css": "menu",
      "orig_code": 9776,
      "src": "entypo",
      "from": 9776
    },
    {
      "search": [
        "moon",
        "sleep"
      ],
      "code": 9789,
      "uid": "0d03db7afd4857accf1821efdc8ea72b",
      "css": "moon",
      "orig_css": "moon",
      "orig_code": 9789,
      "src": "entypo",
      "from": 9789
    },
    {
      "search": [
        "heart"
      ],
      "code": 9825,
      "uid": "d18071bbf8f0a8cec8d1f556c91c6af0",
      "css": "heart-empty",
      "orig_css": "heart-empty",
      "orig_code": 9825,
      "src": "entypo",
      "from": 9825
    },
    {
      "search": [
        "heart"
      ],
      "code": 9829,
      "uid": "0eabe5f8d71cc838484ff39436426d2d",
      "css": "heart",
      "orig_css": "heart",
      "orig_code": 9829,
      "src": "entypo",
      "from": 9829
    },
    {
      "search": [
        "music",
        "note",
        "song"
      ],
      "code": 9835,
      "uid": "fda731b5a4026685e1a9c7e64228e2b2",
      "css": "note-beamed",
      "orig_css": "note-beamed",
      "orig_code": 9835,
      "src": "entypo",
      "from": 9835
    },
    {
      "search": [
        "image",
        "list",
        "thumbnails"
      ],
      "code": 9871,
      "uid": "5e9f01871d44e56b45ecbfd00f4dbc3a",
      "css": "layout",
      "orig_css": "layout",
      "orig_code": 9871,
      "src": "entypo",
      "from": 9871
    },
    {
      "search": [
        "flag"
      ],
      "code": 9873,
      "uid": "1d2a6c3d9236b88b0f185c7c4530fa52",
      "css": "flag",
      "orig_css": "flag",
      "orig_code": 9873,
      "src": "entypo",
      "from": 9873
    },
    {
      "search": [
        "tools"
      ],
      "code": 9874,
      "uid": "6a7b9d4863bb7e6c79e9457a72d689b6",
      "css": "tools",
      "orig_css": "tools",
      "orig_code": 9874,
      "src": "entypo",
      "from": 9874
    },
    {
      "search": [
        "settings",
        "cog",
        "gear"
      ],
      "code": 9881,
      "uid": "bc64550dd022ce21604f97309b346cea",
      "css": "cog",
      "orig_css": "cog",
      "orig_code": 9881,
      "src": "entypo",
      "from": 9881
    },
    {
      "search": [
        "attention",
        "warning",
        "alert"
      ],
      "code": 9888,
      "uid": "97902f87200ce74d181044df02a0458d",
      "css": "attention",
      "orig_css": "attention",
      "orig_code": 9888,
      "src": "entypo",
      "from": 9888
    },
    {
      "search": [
        "flash",
        "bolt"
      ],
      "code": 9889,
      "uid": "98c63f6b98c543b52d4c43bcd486d28f",
      "css": "flash",
      "orig_css": "flash",
      "orig_code": 9889,
      "src": "entypo",
      "from": 9889
    },
    {
      "search": [
        "record",
        "player"
      ],
      "code": 9899,
      "from": 9899,
      "uid": "e188c02f740feff7e2d2bce1950b75fa",
      "css": "record",
      "orig_css": "record",
      "orig_code": 9899,
      "src": "entypo"
    },
    {
      "search": [
        "cloud",
        "thunder",
        "bolt"
      ],
      "code": 9928,
      "uid": "66a40c7c0ee5ea61f4b6aa0dd0f9ebb9",
      "css": "cloud-thunder",
      "orig_css": "cloud-thunder",
      "orig_code": 9928,
      "src": "entypo",
      "from": 9928
    },
    {
      "search": [
        "flight",
        "plane",
        "airplane",
        "fly"
      ],
      "code": 9992,
      "uid": "6e8aea8fff9525dfc5149f0c03669091",
      "css": "flight",
      "orig_css": "flight",
      "orig_code": 9992,
      "src": "entypo",
      "from": 9992
    },
    {
      "search": [
        "mail",
        "email"
      ],
      "code": 9993,
      "uid": "e335adbc2d898c7d85d40c507796e7b4",
      "css": "mail",
      "orig_css": "mail",
      "orig_code": 9993,
      "src": "entypo",
      "from": 9993
    },
    {
      "search": [
        "pencil",
        "write",
        "reply",
        "edit"
      ],
      "code": 9998,
      "uid": "c77fd2fd065b5fe16d6f2b41e190b266",
      "css": "pencil",
      "orig_css": "pencil",
      "orig_code": 9998,
      "src": "entypo",
      "from": 9998
    },
    {
      "search": [
        "pen",
        "write",
        "reply",
        "edit",
        "feather"
      ],
      "code": 10002,
      "uid": "bcb868184ff9c35f8aef564f50c0d649",
      "css": "feather",
      "orig_css": "feather",
      "orig_code": 10002,
      "src": "entypo",
      "from": 10002
    },
    {
      "search": [
        "ok",
        true,
        "check",
        "mark"
      ],
      "code": 10003,
      "uid": "14017aae737730faeda4a6fd8fb3a5f0",
      "css": "check",
      "orig_css": "check",
      "orig_code": 10003,
      "src": "entypo",
      "from": 10003
    },
    {
      "search": [
        "close",
        "cancel",
        "reject"
      ],
      "code": 10005,
      "from": 10005,
      "uid": "c709da589c923ba3c2ad48d9fc563e93",
      "css": "cancel",
      "orig_css": "cancel",
      "orig_code": 10005,
      "src": "entypo"
    },
    {
      "search": [
        "close",
        "cancel",
        "reject"
      ],
      "code": 10006,
      "uid": "c759418c008e9562944080fee617fc76",
      "css": "cancel-circled",
      "orig_css": "cancel-circled",
      "orig_code": 10006,
      "src": "entypo",
      "from": 10006
    },
    {
      "search": [
        "close",
        "cancel",
        "reject"
      ],
      "code": 10062,
      "uid": "bf45c39702763f1803b550c36a0ceb12",
      "css": "cancel-squared",
      "orig_css": "cancel-squared",
      "orig_code": 10062,
      "src": "entypo",
      "from": 10062
    },
    {
      "search": [
        "help",
        "question"
      ],
      "code": 10067,
      "uid": "3a230e539a4f3b904debd04c6c155034",
      "css": "help",
      "orig_css": "help",
      "orig_code": 10067,
      "src": "entypo",
      "from": 10067
    },
    {
      "search": [
        "quote"
      ],
      "code": 10078,
      "uid": "c3e5dafba1739ef33cc574c7484febf7",
      "css": "quote",
      "orig_css": "quote",
      "orig_code": 10078,
      "src": "entypo",
      "from": 10078
    },
    {
      "search": [
        "plus"
      ],
      "code": 10133,
      "from": 10133,
      "uid": "a66cdc7278e6b33b8bd44a141f5e1a8d",
      "css": "plus-circled",
      "orig_css": "plus-circled",
      "orig_code": 10133,
      "src": "entypo"
    },
    {
      "search": [
        "minus"
      ],
      "code": 10134,
      "from": 10134,
      "uid": "3eb93689881ad0804f87052a53edc2b6",
      "css": "minus-circled",
      "orig_css": "minus-circled",
      "orig_code": 10134,
      "src": "entypo"
    },
    {
      "search": [
        "direction"
      ],
      "code": 10146,
      "uid": "f8513213799b244e66b2836aeee88531",
      "css": "direction",
      "orig_css": "direction",
      "orig_code": 10146,
      "src": "entypo",
      "from": 10146
    },
    {
      "search": [
        "forward"
      ],
      "code": 10150,
      "uid": "ec347024a3640deebeeab53fd0d5ad03",
      "css": "forward",
      "orig_css": "forward",
      "orig_code": 10150,
      "src": "entypo",
      "from": 10150
    },
    {
      "search": [
        "reload",
        "undo",
        "arrow"
      ],
      "code": 10226,
      "uid": "465bb89b6f204234e5787c326b4ae54c",
      "css": "ccw",
      "orig_css": "ccw",
      "orig_code": 10226,
      "src": "entypo",
      "from": 10226
    },
    {
      "search": [
        "reload",
        "redo",
        "repeat"
      ],
      "code": 10227,
      "uid": "bb46b15cb78cc4cc05d3d715d522ac4d",
      "css": "cw",
      "orig_css": "cw",
      "orig_code": 10227,
      "src": "entypo",
      "from": 10227
    },
    {
      "search": [
        "list"
      ],
      "code": 57349,
      "uid": "3626b3f3a0b284e7f4166b815719aece",
      "css": "list",
      "orig_css": "list",
      "orig_code": 57349,
      "src": "entypo",
      "from": 57349
    },
    {
      "search": [
        "arrow",
        "left"
      ],
      "code": 58541,
      "uid": "0222089fb4194cc714dcc1ffd2525c11",
      "css": "left-bold",
      "orig_css": "left-bold",
      "orig_code": 58541,
      "src": "entypo",
      "from": 58541
    },
    {
      "search": [
        "arrow",
        "right"
      ],
      "code": 58542,
      "uid": "1a90b06af8614b12d8c8a5b90cc19ab3",
      "css": "right-bold",
      "orig_css": "right-bold",
      "orig_code": 58542,
      "src": "entypo",
      "from": 58542
    },
    {
      "search": [
        "arrow",
        "up"
      ],
      "code": 58543,
      "uid": "8c8f768607b8fc4c92c0f85b488e87e8",
      "css": "up-bold",
      "orig_css": "up-bold",
      "orig_code": 58543,
      "src": "entypo",
      "from": 58543
    },
    {
      "search": [
        "arrow",
        "down"
      ],
      "code": 58544,
      "uid": "78944e4652d6f9b8b506eaef331308cd",
      "css": "down-bold",
      "orig_css": "down-bold",
      "orig_code": 58544,
      "src": "entypo",
      "from": 58544
    },
    {
      "search": [
        "profile",
        "contact",
        "user",
        "add"
      ],
      "code": 59136,
      "uid": "6274e0601f2feef7eced89146e708de0",
      "css": "user-add",
      "orig_css": "user-add",
      "orig_code": 59136,
      "src": "entypo",
      "from": 59136
    },
    {
      "search": [
        "help",
        "question"
      ],
      "code": 59140,
      "uid": "de9a631a7d18106aea1c89ba51b1990a",
      "css": "help-circled",
      "orig_css": "help-circled",
      "orig_code": 59140,
      "src": "entypo",
      "from": 59140
    },
    {
      "search": [
        "info"
      ],
      "code": 59141,
      "uid": "7e4164950ffa4990961958b2d6318658",
      "css": "info-circled",
      "orig_css": "info-circled",
      "orig_code": 59141,
      "src": "entypo",
      "from": 59141
    },
    {
      "search": [
        "eye",
        "subscribe"
      ],
      "code": 59146,
      "uid": "25fc99a30fecc4021fdcae5fff5ba9ac",
      "css": "eye",
      "orig_css": "eye",
      "orig_code": 59146,
      "src": "entypo",
      "from": 59146
    },
    {
      "search": [
        "tag",
        "price",
        "offer"
      ],
      "code": 59148,
      "uid": "875ab0f6d417223f6ec76ff7f0a4baed",
      "css": "tag",
      "orig_css": "tag",
      "orig_code": 59148,
      "src": "entypo",
      "from": 59148
    },
    {
      "search": [
        "upload",
        "cloud"
      ],
      "code": 59153,
      "uid": "5d595124cecf472869d1cdc020da0ccc",
      "css": "upload-cloud",
      "orig_css": "upload-cloud",
      "orig_code": 59153,
      "src": "entypo",
      "from": 59153
    },
    {
      "search": [
        "reply"
      ],
      "code": 59154,
      "uid": "b6fc2f656ef87275889422e19550680a",
      "css": "reply",
      "orig_css": "reply",
      "orig_code": 59154,
      "src": "entypo",
      "from": 59154
    },
    {
      "search": [
        "reply"
      ],
      "code": 59155,
      "uid": "1a4b54ba5618e5364fc47a3d26c1cf59",
      "css": "reply-all",
      "orig_css": "reply-all",
      "orig_code": 59155,
      "src": "entypo",
      "from": 59155
    },
    {
      "search": [
        "code"
      ],
      "code": 59156,
      "uid": "b6f32db98a3de777f5ae3005191b1831",
      "css": "code",
      "orig_css": "code",
      "orig_code": 59156,
      "src": "entypo",
      "from": 59156
    },
    {
      "search": [
        "export",
        "share"
      ],
      "code": 59157,
      "uid": "390d6d13398cbf8c8c3c5493f7d34088",
      "css": "export",
      "orig_css": "export",
      "orig_code": 59157,
      "src": "entypo",
      "from": 59157
    },
    {
      "search": [
        "print"
      ],
      "code": 59158,
      "uid": "28f124a10127a47b9d9472699193d75a",
      "css": "print",
      "orig_css": "print",
      "orig_code": 59158,
      "src": "entypo",
      "from": 59158
    },
    {
      "search": [
        "retweet",
        "twitter"
      ],
      "code": 59159,
      "uid": "216891b0093d4dbef19877d5b00d1b16",
      "css": "retweet",
      "orig_css": "retweet",
      "orig_code": 59159,
      "src": "entypo",
      "from": 59159
    },
    {
      "search": [
        "comment",
        "reply",
        "write"
      ],
      "code": 59160,
      "uid": "16890362e811b4cb8de36282b071fe30",
      "css": "comment",
      "orig_css": "comment",
      "orig_code": 59160,
      "src": "entypo",
      "from": 59160
    },
    {
      "search": [
        "chat",
        "talk"
      ],
      "code": 59168,
      "uid": "2c0b53280f82068f6bab4e2200025d9f",
      "css": "chat",
      "orig_css": "chat",
      "orig_code": 59168,
      "src": "entypo",
      "from": 59168
    },
    {
      "search": [
        "contact",
        "card",
        "vcard"
      ],
      "code": 59170,
      "uid": "457c8e2b305e7af74c1be4f07a01ca92",
      "css": "vcard",
      "orig_css": "vcard",
      "orig_code": 59170,
      "src": "entypo",
      "from": 59170
    },
    {
      "search": [
        "address"
      ],
      "code": 59171,
      "uid": "540b6a4262be769515c79700618b4aea",
      "css": "address",
      "orig_css": "address",
      "orig_code": 59171,
      "src": "entypo",
      "from": 59171
    },
    {
      "search": [
        "location",
        "mark",
        "marker"
      ],
      "code": 59172,
      "uid": "a42b598e4298f3319b25a2702a02e7ff",
      "css": "location",
      "orig_css": "location",
      "orig_code": 59172,
      "src": "entypo",
      "from": 59172
    },
    {
      "search": [
        "down"
      ],
      "code": 59175,
      "uid": "64f5a50cf7ac972a56a9a511acb5d28e",
      "css": "map",
      "orig_css": "map",
      "orig_code": 59175,
      "src": "entypo",
      "from": 59175
    },
    {
      "search": [
        "compass"
      ],
      "code": 59176,
      "uid": "c117f17c0316ef71fb2a658c4c273002",
      "css": "compass",
      "orig_css": "compass",
      "orig_code": 59176,
      "src": "entypo",
      "from": 59176
    },
    {
      "search": [
        "trash",
        "delete"
      ],
      "code": 59177,
      "uid": "2626e3a1bbcd90e45849af3b58a1d594",
      "css": "trash",
      "orig_css": "trash",
      "orig_code": 59177,
      "src": "entypo",
      "from": 59177
    },
    {
      "search": [
        "doc",
        "article"
      ],
      "code": 59190,
      "uid": "922ab2cb66943a83de969990289ef1dc",
      "css": "docs",
      "orig_css": "docs",
      "orig_code": 59190,
      "src": "entypo",
      "from": 59190
    },
    {
      "search": [
        "archive"
      ],
      "code": 59192,
      "from": 59192,
      "uid": "96ea1be71f597a5bdfc8f791ada4f651",
      "css": "archive",
      "orig_css": "archive",
      "orig_code": 59192,
      "src": "entypo"
    },
    {
      "search": [
        "rss"
      ],
      "code": 59194,
      "uid": "3e617d8049807e128c80d0344ba09e37",
      "css": "rss",
      "orig_css": "rss",
      "orig_code": 59194,
      "src": "entypo",
      "from": 59194
    },
    {
      "search": [
        "share"
      ],
      "code": 59196,
      "uid": "91426c82d94428a33353e495418435e3",
      "css": "share",
      "orig_css": "share",
      "orig_code": 59196,
      "src": "entypo",
      "from": 59196
    },
    {
      "search": [
        "basket",
        "shopping",
        "cart"
      ],
      "code": 59197,
      "uid": "e126987944593dfee041f8e2a68145db",
      "css": "basket",
      "orig_css": "basket",
      "orig_code": 59197,
      "src": "entypo",
      "from": 59197
    },
    {
      "search": [
        "shareable"
      ],
      "code": 59198,
      "uid": "e4536ab890a215f2fe8952de5c2fe354",
      "css": "shareable",
      "orig_css": "shareable",
      "orig_code": 59198,
      "src": "entypo",
      "from": 59198
    },
    {
      "search": [
        "login"
      ],
      "code": 59200,
      "uid": "a204f0fa972408eaae5a363c444991b2",
      "css": "login",
      "orig_css": "login",
      "orig_code": 59200,
      "src": "entypo",
      "from": 59200
    },
    {
      "search": [
        "logout"
      ],
      "code": 59201,
      "uid": "2d76f2c8d13be40694ecadfea7fb83c3",
      "css": "logout",
      "orig_css": "logout",
      "orig_code": 59201,
      "src": "entypo",
      "from": 59201
    },
    {
      "search": [
        "volume",
        "sound"
      ],
      "code": 59202,
      "from": 59202,
      "uid": "edd88296295d95d6510e66d9a6bbd6c3",
      "css": "volume",
      "orig_css": "volume",
      "orig_code": 59202,
      "src": "entypo"
    },
    {
      "search": [
        "resize",
        "fullscreen"
      ],
      "code": 59204,
      "uid": "3a3f65b92c9b2fcbb3a8dcd0d42ee806",
      "css": "resize-full",
      "orig_css": "resize-full",
      "orig_code": 59204,
      "src": "entypo",
      "from": 59204
    },
    {
      "search": [
        "resize"
      ],
      "code": 59206,
      "uid": "108c8ac13badc00ce66da014436e6eb1",
      "css": "resize-small",
      "orig_css": "resize-small",
      "orig_code": 59206,
      "src": "entypo",
      "from": 59206
    },
    {
      "search": [
        "popup",
        "window"
      ],
      "code": 59212,
      "uid": "9248ce8062fb4707a6919bfe9ac1af8e",
      "css": "popup",
      "orig_css": "popup",
      "orig_code": 59212,
      "src": "entypo",
      "from": 59212
    },
    {
      "search": [
        "window"
      ],
      "code": 59214,
      "uid": "744a71fe4b5ab7c4f4b7cd598e9bf75a",
      "css": "window",
      "orig_css": "window",
      "orig_code": 59214,
      "src": "entypo",
      "from": 59214
    },
    {
      "search": [
        "arrow",
        "dropdown",
        "combobox"
      ],
      "code": 59215,
      "uid": "0a3192de65a73ca1501b073ad601f87d",
      "css": "arrow-combo",
      "orig_css": "arrow-combo",
      "orig_code": 59215,
      "src": "entypo",
      "from": 59215
    },
    {
      "search": [
        "chart",
        "pie",
        "diagram"
      ],
      "code": 59217,
      "from": 59217,
      "uid": "fb5082fac1794b69a1381196219a836e",
      "css": "chart-pie",
      "orig_css": "chart-pie",
      "orig_code": 59217,
      "src": "entypo"
    },
    {
      "search": [
        "language",
        "translate"
      ],
      "code": 59218,
      "from": 59218,
      "uid": "ddecf5ad7935e3fb1b70dac6ed00d06a",
      "css": "language",
      "orig_css": "language",
      "orig_code": 59218,
      "src": "entypo"
    },
    {
      "search": [],
      "code": 59219,
      "from": 59219,
      "uid": "5f3a0ebf2d13f60ec7ed76eb41ba9bb2",
      "css": "air",
      "orig_css": "air",
      "orig_code": 59219,
      "src": "entypo"
    },
    {
      "search": [
        "database"
      ],
      "code": 59220,
      "from": 59220,
      "uid": "248db7c0563d8cee80b7041f7736dcad",
      "css": "database",
      "orig_css": "database",
      "orig_code": 59220,
      "src": "entypo"
    },
    {
      "search": [
        "drive",
        "disk",
        "hdd"
      ],
      "code": 59221,
      "from": 59221,
      "uid": "603d5ccab42d916e79d7c0fcdb56a614",
      "css": "drive",
      "orig_css": "drive",
      "orig_code": 59221,
      "src": "entypo"
    },
    {
      "search": [
        "bucket"
      ],
      "code": 59222,
      "from": 59222,
      "uid": "8ea66d97faf9816abd34f48f3f26d216",
      "css": "bucket",
      "orig_css": "bucket",
      "orig_code": 59222,
      "src": "entypo"
    },
    {
      "search": [
        "arrow",
        "down",
        "download"
      ],
      "code": 59224,
      "uid": "40ef3542646bed70cb63f1290c9d98c9",
      "css": "down-circled",
      "orig_css": "down-circled",
      "orig_code": 59224,
      "src": "entypo",
      "from": 59224
    },
    {
      "search": [
        "arrow",
        "left"
      ],
      "code": 59225,
      "uid": "0db0310883e0bdacfd1bb2d394238e8a",
      "css": "left-circled",
      "orig_css": "left-circled",
      "orig_code": 59225,
      "src": "entypo",
      "from": 59225
    },
    {
      "search": [
        "arrow",
        "right"
      ],
      "code": 59226,
      "uid": "52725ff4d4042964bd3a60609bf3695b",
      "css": "right-circled",
      "orig_css": "right-circled",
      "orig_code": 59226,
      "src": "entypo",
      "from": 59226
    },
    {
      "search": [
        "arrow",
        "up",
        "upload"
      ],
      "code": 59227,
      "uid": "64691230b90991883f94c6dfb2afc90a",
      "css": "up-circled",
      "orig_css": "up-circled",
      "orig_code": 59227,
      "src": "entypo",
      "from": 59227
    },
    {
      "search": [
        "arrow",
        "down"
      ],
      "code": 59228,
      "uid": "8704cd847a47b64265b8bb110c8b4d62",
      "css": "down-open",
      "orig_css": "down-open",
      "orig_code": 59228,
      "src": "entypo",
      "from": 59228
    },
    {
      "search": [
        "arrow",
        "left"
      ],
      "code": 59229,
      "uid": "c311c48d79488965b0fab7f9cd12b6b5",
      "css": "left-open",
      "orig_css": "left-open",
      "orig_code": 59229,
      "src": "entypo",
      "from": 59229
    },
    {
      "search": [
        "arrow",
        "right"
      ],
      "code": 59230,
      "uid": "749e7d90a9182938180f1d2d8c33584e",
      "css": "right-open",
      "orig_css": "right-open",
      "orig_code": 59230,
      "src": "entypo",
      "from": 59230
    },
    {
      "search": [
        "arrow",
        "up"
      ],
      "code": 59231,
      "uid": "9c7ff134960bb5a82404e4aeaab366d9",
      "css": "up-open",
      "orig_css": "up-open",
      "orig_code": 59231,
      "src": "entypo",
      "from": 59231
    },
    {
      "search": [
        "arrow",
        "down"
      ],
      "code": 59232,
      "uid": "f11c9e95ae5eaa84d193e8fa1d38c6f9",
      "css": "down-open-mini",
      "orig_css": "down-open-mini",
      "orig_code": 59232,
      "src": "entypo",
      "from": 59232
    },
    {
      "search": [
        "arrow",
        "left"
      ],
      "code": 59233,
      "uid": "592717bd601645d61517d2a584d04127",
      "css": "left-open-mini",
      "orig_css": "left-open-mini",
      "orig_code": 59233,
      "src": "entypo",
      "from": 59233
    },
    {
      "search": [
        "arrow",
        "right"
      ],
      "code": 59234,
      "uid": "37f6cfbb4062ed0d01b351ec35c334ff",
      "css": "right-open-mini",
      "orig_css": "right-open-mini",
      "orig_code": 59234,
      "src": "entypo",
      "from": 59234
    },
    {
      "search": [
        "arrow",
        "up"
      ],
      "code": 59235,
      "uid": "9e251fb8e9e1c71ab09683468e0479a3",
      "css": "up-open-mini",
      "orig_css": "up-open-mini",
      "orig_code": 59235,
      "src": "entypo",
      "from": 59235
    },
    {
      "search": [
        "arrow",
        "down"
      ],
      "code": 59236,
      "uid": "289b5f92f23acf1059c93fbf401c1ad5",
      "css": "down-open-big",
      "orig_css": "down-open-big",
      "orig_code": 59236,
      "src": "entypo",
      "from": 59236
    },
    {
      "search": [
        "arrow",
        "left"
      ],
      "code": 59237,
      "uid": "884cfc3e6e2d456dd2a2ca0dbb9e6337",
      "css": "left-open-big",
      "orig_css": "left-open-big",
      "orig_code": 59237,
      "src": "entypo",
      "from": 59237
    },
    {
      "search": [
        "arrow",
        "right"
      ],
      "code": 59238,
      "uid": "004882ab2d5c418c5b2060e80596279b",
      "css": "right-open-big",
      "orig_css": "right-open-big",
      "orig_code": 59238,
      "src": "entypo",
      "from": 59238
    },
    {
      "search": [
        "arrow",
        "up"
      ],
      "code": 59239,
      "uid": "0805cca616b3c12714f35af4d0912c10",
      "css": "up-open-big",
      "orig_css": "up-open-big",
      "orig_code": 59239,
      "src": "entypo",
      "from": 59239
    },
    {
      "search": [
        "back",
        "time"
      ],
      "code": 59249,
      "uid": "89eb512cb82a1c3fe83cb16134f9876c",
      "css": "back-in-time",
      "orig_css": "back-in-time",
      "orig_code": 59249,
      "src": "entypo",
      "from": 59249
    },
    {
      "search": [
        "net"
      ],
      "code": 59254,
      "uid": "414fe97e4af5215a06d29be0f2cecdf5",
      "css": "network",
      "orig_css": "network",
      "orig_code": 59254,
      "src": "entypo",
      "from": 59254
    },
    {
      "search": [
        "inbox"
      ],
      "code": 59255,
      "uid": "b32d88adf7cd6bfa8d0e177dfa642a4d",
      "css": "inbox",
      "orig_css": "inbox",
      "orig_code": 59255,
      "src": "entypo",
      "from": 59255
    },
    {
      "search": [
        "install"
      ],
      "code": 59256,
      "uid": "d83b7429002f7b0b206c8d550034212b",
      "css": "install",
      "orig_css": "install",
      "orig_code": 59256,
      "src": "entypo",
      "from": 59256
    },
    {
      "search": [
        "lifebuoy"
      ],
      "code": 59272,
      "uid": "2f9f67ee4354feef8c1f51e03bac6ef3",
      "css": "lifebuoy",
      "orig_css": "lifebuoy",
      "orig_code": 59272,
      "src": "entypo",
      "from": 59272
    },
    {
      "search": [
        "mouse",
        "website"
      ],
      "code": 59273,
      "uid": "97c6901d8db077614e77b089d4eedac8",
      "css": "mouse",
      "orig_css": "mouse",
      "orig_code": 59273,
      "src": "entypo",
      "from": 59273
    },
    {
      "search": [
        "suitcase"
      ],
      "code": 59278,
      "from": 59278,
      "uid": "11dd26ebf6934bf750a9156b353d7f2d",
      "css": "suitcase",
      "orig_css": "suitcase",
      "orig_code": 59278,
      "src": "entypo"
    },
    {
      "search": [
        "flow",
        "cascade",
        "junction"
      ],
      "code": 59280,
      "from": 59280,
      "uid": "898ddc67cb7d9ae53dbd4cce78043e9e",
      "css": "flow-cascade",
      "orig_css": "flow-cascade",
      "orig_code": 59280,
      "src": "entypo"
    },
    {
      "search": [
        "flow",
        "tree",
        "junction"
      ],
      "code": 59282,
      "from": 59282,
      "uid": "8a1d446e5555e76f82ddb1c8b526f579",
      "css": "flow-tree",
      "orig_css": "flow-tree",
      "orig_code": 59282,
      "src": "entypo"
    },
    {
      "search": [
        "brush"
      ],
      "code": 59290,
      "uid": "39c4d0e225a1263a398a47523cb5b9bd",
      "css": "brush",
      "orig_css": "brush",
      "orig_code": 59290,
      "src": "entypo",
      "from": 59290
    },
    {
      "search": [
        "paper",
        "plane",
        "fly"
      ],
      "code": 59291,
      "from": 59291,
      "uid": "db112402805d9dadc01ce009fbfdb914",
      "css": "paper-plane",
      "orig_css": "paper-plane",
      "orig_code": 59291,
      "src": "entypo"
    },
    {
      "search": [
        "magnet"
      ],
      "code": 59297,
      "uid": "d55e21e6468c04c5ca38a6560b27d1aa",
      "css": "magnet",
      "orig_css": "magnet",
      "orig_code": 59297,
      "src": "entypo",
      "from": 59297
    },
    {
      "search": [
        "gauge",
        "meter",
        "speed",
        "indicator"
      ],
      "code": 59298,
      "from": 59298,
      "uid": "3a6f0140c3a390bdb203f56d1bfdefcb",
      "css": "gauge",
      "orig_css": "gauge",
      "orig_code": 59298,
      "src": "entypo"
    },
    {
      "search": [],
      "code": 59299,
      "from": 59299,
      "uid": "2bbde1076919db3d1dcc7f6b43d19bd4",
      "css": "traffic-cone",
      "orig_css": "traffic-cone",
      "orig_code": 59299,
      "src": "entypo"
    },
    {
      "search": [
        "creative",
        "cc",
        "licence"
      ],
      "code": 59301,
      "from": 59301,
      "uid": "4a413ef43c364dafa42766e74c31bbca",
      "css": "cc",
      "orig_css": "cc",
      "orig_code": 59301,
      "src": "entypo"
    },
    {
      "search": [
        "creative",
        "cc",
        "licence"
      ],
      "code": 59302,
      "from": 59302,
      "uid": "72681d2825fef7fd83711278f845547b",
      "css": "cc-by",
      "orig_css": "cc-by",
      "orig_code": 59302,
      "src": "entypo"
    },
    {
      "search": [
        "creative",
        "cc",
        "licence"
      ],
      "code": 59303,
      "from": 59303,
      "uid": "7540520e12e941839cdb7d76b12e82a8",
      "css": "cc-nc",
      "orig_css": "cc-nc",
      "orig_code": 59303,
      "src": "entypo"
    },
    {
      "search": [
        "creative",
        "cc",
        "licence"
      ],
      "code": 59306,
      "from": 59306,
      "uid": "900851106d63af1bc6076ae118dc543d",
      "css": "cc-sa",
      "orig_css": "cc-sa",
      "orig_code": 59306,
      "src": "entypo"
    },
    {
      "search": [
        "creative",
        "cc",
        "licence"
      ],
      "code": 59307,
      "from": 59307,
      "uid": "b92e2a918daa2f9a042df1ce942b686f",
      "css": "cc-nd",
      "orig_css": "cc-nd",
      "orig_code": 59307,
      "src": "entypo"
    },
    {
      "search": [
        "creative",
        "cc",
        "licence"
      ],
      "code": 59310,
      "from": 59310,
      "uid": "915c11e4e2e713cc7d65d32d66f004bf",
      "css": "cc-share",
      "orig_css": "cc-share",
      "orig_code": 59310,
      "src": "entypo"
    },
    {
      "search": [
        "image",
        "picture",
        "photo"
      ],
      "code": 127748,
      "uid": "3def559c3c39b8500882e02892b7daa8",
      "css": "picture",
      "orig_css": "picture",
      "orig_code": 127748,
      "src": "entypo",
      "from": 127748
    },
    {
      "search": [
        "globe"
      ],
      "code": 127758,
      "uid": "6a12c2b74456ea21cc984e11dec227a1",
      "css": "globe",
      "orig_css": "globe",
      "orig_code": 127758,
      "src": "entypo",
      "from": 127758
    },
    {
      "search": [
        "leaf"
      ],
      "code": 127810,
      "uid": "41d534223ef447a01af3e2f629ec70eb",
      "css": "leaf",
      "orig_css": "leaf",
      "orig_code": 127810,
      "src": "entypo",
      "from": 127810
    },
    {
      "search": [
        "graduation"
      ],
      "code": 127891,
      "uid": "ef74ff62feda486fd414410e782b598a",
      "css": "graduation-cap",
      "orig_css": "graduation-cap",
      "orig_code": 127891,
      "src": "entypo",
      "from": 127891
    },
    {
      "search": [
        "mic"
      ],
      "code": 127908,
      "uid": "1e099a876c8a6a83f10c9bafa9886614",
      "css": "mic",
      "orig_css": "mic",
      "orig_code": 127908,
      "src": "entypo",
      "from": 127908
    },
    {
      "search": [
        "palette"
      ],
      "code": 127912,
      "uid": "80451d627470ea7f977a263fdb771d7b",
      "css": "palette",
      "orig_css": "palette",
      "orig_code": 127912,
      "src": "entypo",
      "from": 127912
    },
    {
      "search": [
        "ticket"
      ],
      "code": 127915,
      "uid": "333bae7aaf7395d1004875be5a075661",
      "css": "ticket",
      "orig_css": "ticket",
      "orig_code": 127915,
      "src": "entypo",
      "from": 127915
    },
    {
      "search": [
        "movie",
        "video",
        "film"
      ],
      "code": 127916,
      "uid": "6341ebcbe1ed1f6777c1b9527ead368e",
      "css": "video",
      "orig_css": "video",
      "orig_code": 127916,
      "src": "entypo",
      "from": 127916
    },
    {
      "search": [
        "target"
      ],
      "code": 127919,
      "uid": "3eadc3e443cf1c7e17f1b44d21254c00",
      "css": "target",
      "orig_css": "target",
      "orig_code": 127919,
      "src": "entypo",
      "from": 127919
    },
    {
      "search": [
        "top",
        "trophy"
      ],
      "code": 127942,
      "uid": "978aa8facd816df874039e139cb0cdde",
      "css": "trophy",
      "orig_css": "trophy",
      "orig_code": 127942,
      "src": "entypo",
      "from": 127942
    },
    {
      "search": [
        "thumbs",
        "up",
        "like",
        "love",
        "vote"
      ],
      "code": 128077,
      "uid": "7ad4d2306ebda8452e5e3eff3cd8241c",
      "css": "thumbs-up",
      "orig_css": "thumbs-up",
      "orig_code": 128077,
      "src": "entypo",
      "from": 128077
    },
    {
      "search": [
        "thumbs",
        "down",
        "dislike",
        "unlike",
        "vote"
      ],
      "code": 128078,
      "uid": "429fba993b729174468a9493613ad1ba",
      "css": "thumbs-down",
      "orig_css": "thumbs-down",
      "orig_code": 128078,
      "src": "entypo",
      "from": 128078
    },
    {
      "search": [
        "bag",
        "shopping",
        "cart"
      ],
      "code": 128092,
      "uid": "2c71ee1c65e1992ba32d5ffc5ee7f337",
      "css": "bag",
      "orig_css": "bag",
      "orig_code": 128092,
      "src": "entypo",
      "from": 128092
    },
    {
      "search": [
        "profile",
        "contact",
        "user"
      ],
      "code": 128100,
      "uid": "bbd66ef66bb8fa9edde54d9a90b89150",
      "css": "user",
      "orig_css": "user",
      "orig_code": 128100,
      "src": "entypo",
      "from": 128100
    },
    {
      "search": [
        "users",
        "contacts",
        "friends"
      ],
      "code": 128101,
      "uid": "ecf8edb95c3f45eb433b4cce7ba9f740",
      "css": "users",
      "orig_css": "users",
      "orig_code": 128101,
      "src": "entypo",
      "from": 128101
    },
    {
      "search": [
        "idea",
        "lamp",
        "light"
      ],
      "code": 128161,
      "uid": "4b20e1deee87faf4c3fab735fbd4bc1a",
      "css": "lamp",
      "orig_css": "lamp",
      "orig_code": 128161,
      "src": "entypo",
      "from": 128161
    },
    {
      "search": [
        "attention",
        "warning",
        "alert"
      ],
      "code": 128165,
      "uid": "39a5a0d7ce8342d149373b2ce219503a",
      "css": "alert",
      "orig_css": "alert",
      "orig_code": 128165,
      "src": "entypo",
      "from": 128165
    },
    {
      "search": [
        "droplet",
        "tint"
      ],
      "code": 128167,
      "uid": "4efb719e797c54b3c58e5ae061d29d53",
      "css": "droplet",
      "orig_css": "droplet",
      "orig_code": 128167,
      "src": "entypo",
      "from": 128167
    },
    {
      "search": [
        "card",
        "plastic",
        "credit"
      ],
      "code": 128179,
      "uid": "c5cd6ea1981cecdd85c42d9d209bc3b8",
      "css": "credit-card",
      "orig_css": "credit-card",
      "orig_code": 128179,
      "src": "entypo",
      "from": 128179
    },
    {
      "search": [
        "tv",
        "screen",
        "monitor"
      ],
      "code": 128187,
      "uid": "b7a336095aa4535c3689cb557edf23db",
      "css": "monitor",
      "orig_css": "monitor",
      "orig_code": 128187,
      "src": "entypo",
      "from": 128187
    },
    {
      "search": [
        "briefcase"
      ],
      "code": 128188,
      "uid": "9ea7cce5e08e5ac2c225fabf2e6dc353",
      "css": "briefcase",
      "orig_css": "briefcase",
      "orig_code": 128188,
      "src": "entypo",
      "from": 128188
    },
    {
      "search": [
        "floppy",
        "save"
      ],
      "code": 128190,
      "uid": "191bcf63575a78def53c907c3d3bf7f0",
      "css": "floppy",
      "orig_css": "floppy",
      "orig_code": 128190,
      "src": "entypo",
      "from": 128190
    },
    {
      "search": [
        "cd",
        "vinyl"
      ],
      "code": 128191,
      "uid": "16f88519423df34fc5c48be7ded81b8f",
      "css": "cd",
      "orig_css": "cd",
      "orig_code": 128191,
      "src": "entypo",
      "from": 128191
    },
    {
      "search": [
        "folder"
      ],
      "code": 128193,
      "uid": "0ccb084ddeeae372673793ed0b45bb4a",
      "css": "folder",
      "orig_css": "folder",
      "orig_code": 128193,
      "src": "entypo",
      "from": 128193
    },
    {
      "search": [
        "doc",
        "text",
        "article"
      ],
      "code": 128196,
      "uid": "1189604bf305b6b03a74685ce60e6632",
      "css": "doc-text",
      "orig_css": "doc-text",
      "orig_code": 128196,
      "src": "entypo",
      "from": 128196
    },
    {
      "search": [
        "calendar",
        "date"
      ],
      "code": 128197,
      "uid": "413717f5ea649e8d8b93938be277264a",
      "css": "calendar",
      "orig_css": "calendar",
      "orig_code": 128197,
      "src": "entypo",
      "from": 128197
    },
    {
      "search": [
        "chart",
        "graph",
        "line",
        "diagram"
      ],
      "code": 128200,
      "uid": "7184d8171b6a9b18eabbace94cca21db",
      "css": "chart-line",
      "orig_css": "chart-line",
      "orig_code": 128200,
      "src": "entypo",
      "from": 128200
    },
    {
      "search": [
        "chart",
        "bar",
        "diagram"
      ],
      "code": 128202,
      "uid": "7d90b6cb3f3783170a96b09e5f0de6d5",
      "css": "chart-bar",
      "orig_css": "chart-bar",
      "orig_code": 128202,
      "src": "entypo",
      "from": 128202
    },
    {
      "search": [
        "clipboard"
      ],
      "code": 128203,
      "uid": "b95cfc96d48a72dd665e0ab109880b5e",
      "css": "clipboard",
      "orig_css": "clipboard",
      "orig_code": 128203,
      "src": "entypo",
      "from": 128203
    },
    {
      "search": [
        "attach",
        "clip"
      ],
      "code": 128206,
      "uid": "44b9e75612c5fad5505edd70d071651f",
      "css": "attach",
      "orig_css": "attach",
      "orig_code": 128206,
      "src": "entypo",
      "from": 128206
    },
    {
      "search": [
        "bookmarks"
      ],
      "code": 128209,
      "uid": "8538a2249db7f07ae75411886732fb87",
      "css": "bookmarks",
      "orig_css": "bookmarks",
      "orig_code": 128209,
      "src": "entypo",
      "from": 128209
    },
    {
      "search": [
        "book"
      ],
      "code": 128213,
      "uid": "48b79f27e4798f23bafa07b55dbe5b73",
      "css": "book",
      "orig_css": "book",
      "orig_code": 128213,
      "src": "entypo",
      "from": 128213
    },
    {
      "search": [
        "book",
        "doc"
      ],
      "code": 128214,
      "uid": "51727ca007aa35ceabcaffc28934faee",
      "css": "book-open",
      "orig_css": "book-open",
      "orig_code": 128214,
      "src": "entypo",
      "from": 128214
    },
    {
      "search": [
        "phone",
        "telephone",
        "call"
      ],
      "code": 128222,
      "uid": "5854855e963044f93b15738a5bb27a29",
      "css": "phone",
      "orig_css": "phone",
      "orig_code": 128222,
      "src": "entypo",
      "from": 128222
    },
    {
      "search": [
        "megaphone",
        "bullhorn"
      ],
      "code": 128227,
      "uid": "489090690d8bd1745e365485946e20a8",
      "css": "megaphone",
      "orig_css": "megaphone",
      "orig_code": 128227,
      "src": "entypo",
      "from": 128227
    },
    {
      "search": [
        "upload"
      ],
      "code": 128228,
      "uid": "44199a54057e6e264fde61a49b034171",
      "css": "upload",
      "orig_css": "upload",
      "orig_code": 128228,
      "src": "entypo",
      "from": 128228
    },
    {
      "search": [
        "download"
      ],
      "code": 128229,
      "uid": "b08cfe8039de2ce815686aced2caef06",
      "css": "download",
      "orig_css": "download",
      "orig_code": 128229,
      "src": "entypo",
      "from": 128229
    },
    {
      "search": [
        "box"
      ],
      "code": 128230,
      "uid": "cc05df515bebe11df3ada0a5910a8f6d",
      "css": "box",
      "orig_css": "box",
      "orig_code": 128230,
      "src": "entypo",
      "from": 128230
    },
    {
      "search": [
        "newspaper",
        "article"
      ],
      "code": 128240,
      "uid": "da0fd38d651815e3a12f6c030ff1fe5b",
      "css": "newspaper",
      "orig_css": "newspaper",
      "orig_code": 128240,
      "src": "entypo",
      "from": 128240
    },
    {
      "search": [
        "mobile",
        "iphone"
      ],
      "code": 128241,
      "uid": "767fede84586366cd7d6c835be745454",
      "css": "mobile",
      "orig_css": "mobile",
      "orig_code": 128241,
      "src": "entypo",
      "from": 128241
    },
    {
      "search": [
        "broadcast",
        "wifi",
        "signal"
      ],
      "code": 128246,
      "uid": "84a7262985600b683bbab0da9298776d",
      "css": "signal",
      "orig_css": "signal",
      "orig_code": 128246,
      "src": "entypo",
      "from": 128246
    },
    {
      "search": [
        "camera",
        "photo"
      ],
      "code": 128247,
      "uid": "85017ab6ca074831a8de771b40e9640c",
      "css": "camera",
      "orig_css": "camera",
      "orig_code": 128247,
      "src": "entypo",
      "from": 128247
    },
    {
      "search": [
        "shuffle",
        "random"
      ],
      "code": 128256,
      "uid": "3d349daaea304032a7669b4f24931b6c",
      "css": "shuffle",
      "orig_css": "shuffle",
      "orig_code": 128256,
      "src": "entypo",
      "from": 128256
    },
    {
      "search": [
        "loop",
        "repeat"
      ],
      "code": 128257,
      "uid": "8e0220796066428d6ddea96a4f1b5131",
      "css": "loop",
      "orig_css": "loop",
      "orig_code": 128257,
      "src": "entypo",
      "from": 128257
    },
    {
      "search": [
        "circle",
        "sync",
        "reload",
        "refresh"
      ],
      "code": 128260,
      "uid": "3bd18d47a12b8709e9f4fe9ead4f7518",
      "css": "arrows-ccw",
      "orig_css": "arrows-ccw",
      "orig_code": 128260,
      "src": "entypo",
      "from": 128260
    },
    {
      "search": [
        "light",
        "dim",
        "bright"
      ],
      "code": 128261,
      "uid": "2d14369ed7f129e779eaa30195368218",
      "css": "light-down",
      "orig_css": "light-down",
      "orig_code": 128261,
      "src": "entypo",
      "from": 128261
    },
    {
      "search": [
        "light",
        "dim",
        "bright"
      ],
      "code": 128262,
      "uid": "f8e120c48c070f8afd2d072651b4fb9f",
      "css": "light-up",
      "orig_css": "light-up",
      "orig_code": 128262,
      "src": "entypo",
      "from": 128262
    },
    {
      "search": [
        "volume",
        "sound",
        "mute"
      ],
      "code": 128263,
      "uid": "2f750a9be253e8e451209574336e7020",
      "css": "mute",
      "orig_css": "mute",
      "orig_code": 128263,
      "src": "entypo",
      "from": 128263
    },
    {
      "search": [
        "volume",
        "sound"
      ],
      "code": 128266,
      "uid": "ef51920c7a9bed4d87f53709db115e34",
      "css": "sound",
      "orig_css": "sound",
      "orig_code": 128266,
      "src": "entypo",
      "from": 128266
    },
    {
      "search": [
        "battery"
      ],
      "code": 128267,
      "uid": "a51290161c48d96d7f2e2151a4cbcde1",
      "css": "battery",
      "orig_css": "battery",
      "orig_code": 128267,
      "src": "entypo",
      "from": 128267
    },
    {
      "search": [
        "search",
        "find"
      ],
      "code": 128269,
      "uid": "7222571caa5c15f83dcfd447c58d68d9",
      "css": "search",
      "orig_css": "search",
      "orig_code": 128269,
      "src": "entypo",
      "from": 128269
    },
    {
      "search": [
        "key",
        "password"
      ],
      "code": 128273,
      "uid": "8beac4a5fd5bed9f82ca7a96cc8ba218",
      "css": "key",
      "orig_css": "key",
      "orig_code": 128273,
      "src": "entypo",
      "from": 128273
    },
    {
      "search": [
        "lock"
      ],
      "code": 128274,
      "uid": "1a7104205ea96e6f40ac716d0ca72f21",
      "css": "lock",
      "orig_css": "lock",
      "orig_code": 128274,
      "src": "entypo",
      "from": 128274
    },
    {
      "search": [
        "lock",
        "open",
        "unlock"
      ],
      "code": 128275,
      "uid": "e81fc3a0d39ace6ee735d7b24eedd56d",
      "css": "lock-open",
      "orig_css": "lock-open",
      "orig_code": 128275,
      "src": "entypo",
      "from": 128275
    },
    {
      "search": [
        "alert",
        "bell",
        "jingle"
      ],
      "code": 128276,
      "uid": "2c5335c6e56b876139d7a58ab2f4b2fe",
      "css": "bell",
      "orig_css": "bell",
      "orig_code": 128276,
      "src": "entypo",
      "from": 128276
    },
    {
      "search": [
        "bookmark"
      ],
      "code": 128278,
      "uid": "23912d5623126e14b7b137c3ba557168",
      "css": "bookmark",
      "orig_css": "bookmark",
      "orig_code": 128278,
      "src": "entypo",
      "from": 128278
    },
    {
      "search": [
        "link",
        "url"
      ],
      "code": 128279,
      "uid": "815503841e980c848f55e0271deacead",
      "css": "link",
      "orig_css": "link",
      "orig_code": 128279,
      "src": "entypo",
      "from": 128279
    },
    {
      "search": [
        "back",
        "return"
      ],
      "code": 128281,
      "uid": "3ba4275937db277075fc47d6b5a69a2e",
      "css": "back",
      "orig_css": "back",
      "orig_code": 128281,
      "src": "entypo",
      "from": 128281
    },
    {
      "search": [
        "search",
        "find",
        "flashlight"
      ],
      "code": 128294,
      "uid": "c9b928dc82d7d77033644fcf59dca3b3",
      "css": "flashlight",
      "orig_css": "flashlight",
      "orig_code": 128294,
      "src": "entypo",
      "from": 128294
    },
    {
      "search": [
        "chart",
        "area",
        "diagram"
      ],
      "code": 128318,
      "uid": "32b4054f35918992f723e39f4095f005",
      "css": "chart-area",
      "orig_css": "chart-area",
      "orig_code": 128318,
      "src": "entypo",
      "from": 128318
    },
    {
      "search": [
        "clock",
        "time"
      ],
      "code": 128340,
      "uid": "8663320a860b00f26e94d3d15c9ba99a",
      "css": "clock",
      "orig_css": "clock",
      "orig_code": 128340,
      "src": "entypo",
      "from": 128340
    },
    {
      "search": [
        "rocket",
        "fly"
      ],
      "code": 128640,
      "uid": "9c7fd7637a41b59a358cb70893f945a5",
      "css": "rocket",
      "orig_css": "rocket",
      "orig_code": 128640,
      "src": "entypo",
      "from": 128640
    },
    {
      "search": [
        "block",
        "deny"
      ],
      "code": 128683,
      "uid": "29e7f6072d5935d7818204d9b088508b",
      "css": "block",
      "orig_css": "block",
      "orig_code": 128683,
      "src": "entypo",
      "from": 128683
    }
  ]
}